{"cameraMode":{"drawMode":0,"name":"Shaded","section":"Shading Mode"},"sceneLighting":true,"audioPlay":false,"sceneViewState":{"m_AlwaysRefresh":false,"showFog":true,"showSkybox":true,"showFlares":true,"showImageEffects":true,"showParticleSystems":true,"showVisualEffectGraphs":true,"m_FxEnabled":true},"in2DMode":false,"pivot":{"x":8.209014892578125,"y":22.953575134277345,"z":7.278260707855225},"rotation":{"x":-0.02123750001192093,"y":0.6171472668647766,"z":0.016666991636157037,"w":0.7863844037055969},"size":16.963335037231447,"orthographic":false}