{"cameraMode":{"drawMode":0,"name":"Shaded","section":"Shading Mode"},"sceneLighting":false,"audioPlay":false,"sceneViewState":{"m_AlwaysRefresh":false,"showFog":true,"showSkybox":false,"showFlares":true,"showImageEffects":true,"showParticleSystems":true,"showVisualEffectGraphs":true,"m_FxEnabled":true},"in2DMode":false,"pivot":{"x":-2.003000020980835,"y":0.7942558526992798,"z":0.022475481033325197},"rotation":{"x":0.16833102703094483,"y":0.5769113302230835,"z":-0.12296435236930847,"w":0.7897582054138184},"size":1.4173799753189088,"orthographic":false}